{"circle": {"means": {"training_time": 233.62630486488342, "eval_loss": 0.43241640872052867, "inference_time": 21.224403858184814, "kl_divergence": 0.33772775938007066}}, "dino": {"means": {"training_time": 232.28009390830994, "eval_loss": 0.6625160974309877, "inference_time": 21.332982301712036, "kl_divergence": 1.1111572666184182}}, "line": {"means": {"training_time": 243.12776279449463, "eval_loss": 0.8046619297598329, "inference_time": 20.93056321144104, "kl_divergence": 0.14883673989029614}}, "moons": {"means": {"training_time": 229.55767464637756, "eval_loss": 0.6100328611138531, "inference_time": 20.608893632888794, "kl_divergence": 0.08700017232402942}}}