{"final_train_loss": 0.007427041418850422, "final_val_loss": 0.012272711843252182, "final_train_acc": 1.0, "final_val_acc": 0.9990234375, "step_val_acc_99": 4200}