{"final_train_loss": 0.0035186070017516613, "final_val_loss": 0.0037502164486795664, "final_train_acc": 1.0, "final_val_acc": 1.0, "step_val_acc_99": 2690}