{"final_train_loss": 0.002236218424513936, "final_val_loss": 0.0022648191079497337, "final_train_acc": 1.0, "final_val_acc": 1.0, "step_val_acc_99": 2230}