{"x_div_y": {"means": {"final_train_loss_mean": 0.00701767827073733, "final_val_loss_mean": 0.00849223043769598, "final_train_acc_mean": 1.0, "final_val_acc_mean": 1.0, "step_val_acc_99_mean": 4496.666666666667}, "stderrs": {"final_train_loss_stderr": 0.00020240972934069945, "final_val_loss_stderr": 7.625425767001318e-05, "final_train_acc_stderr": 0.0, "final_val_acc_stderr": 0.0, "step_val_acc_99_stderr": 195.1510968897791}, "final_info_dict": {"final_train_loss": [0.007068979553878307, 0.006249655038118362, 0.007734400220215321], "final_val_loss": [0.008759118616580963, 0.008200430311262608, 0.00851714238524437], "final_train_acc": [1.0, 1.0, 1.0], "final_val_acc": [1.0, 1.0, 1.0], "step_val_acc_99": [3670, 4950, 4870]}}, "x_minus_y": {"means": {"final_train_loss_mean": 0.07513217286517222, "final_val_loss_mean": 0.051853841791550316, "final_train_acc_mean": 0.9934244751930237, "final_val_acc_mean": 0.9969889322916666, "step_val_acc_99_mean": 4133.333333333333}, "stderrs": {"final_train_loss_stderr": 0.028762810887954696, "final_val_loss_stderr": 0.017021921967930027, "final_train_acc_stderr": 0.003099732120582212, "final_val_acc_stderr": 0.0011966550021762572, "step_val_acc_99_stderr": 17.708197167232477}, "final_info_dict": {"final_train_loss": [0.19690829515457153, 0.021061182022094727, 0.007427041418850422], "final_val_loss": [0.12395663559436798, 0.019332177937030792, 0.012272711843252182], "final_train_acc": [0.980273425579071, 1.0, 1.0], "final_val_acc": [0.991943359375, 1.0, 0.9990234375], "step_val_acc_99": [4070, 4130, 4200]}}, "x_plus_y": {"means": {"final_train_loss_mean": 0.002850981584439675, "final_val_loss_mean": 0.0029631658301999173, "final_train_acc_mean": 1.0, "final_val_acc_mean": 1.0, "step_val_acc_99_mean": 2523.3333333333335}, "stderrs": {"final_train_loss_stderr": 0.00017495521743396208, "final_val_loss_stderr": 0.00020321537577918736, "final_train_acc_stderr": 0.0, "final_val_acc_stderr": 0.0, "step_val_acc_99_stderr": 69.35327348589882}, "final_info_dict": {"final_train_loss": [0.0035186070017516613, 0.002236218424513936, 0.0027981193270534277], "final_val_loss": [0.0037502164486795664, 0.0022648191079497337, 0.0028744619339704514], "final_train_acc": [1.0, 1.0, 1.0], "final_val_acc": [1.0, 1.0, 1.0], "step_val_acc_99": [2690, 2230, 2650]}}, "permutation": {"means": {"final_train_loss_mean": 0.013894041689733664, "final_val_loss_mean": 6.047590414683024, "final_train_acc_mean": 1.0, "final_val_acc_mean": 0.048828125, "step_val_acc_99_mean": 7500.0}, "stderrs": {"final_train_loss_stderr": 0.001451699083453421, "final_val_loss_stderr": 0.4275985977587439, "final_train_acc_stderr": 0.0, "final_val_acc_stderr": 0.011149583544110678, "step_val_acc_99_stderr": 0.0}, "final_info_dict": {"final_train_loss": [0.012454526498913765, 0.009427648968994617, 0.01979994960129261], "final_val_loss": [4.650832176208496, 5.743399143218994, 7.748539924621582], "final_train_acc": [1.0, 1.0, 1.0], "final_val_acc": [0.09423828125, 0.03759765625, 0.0146484375], "step_val_acc_99": [7500, 7500, 7500]}}}