{"final_train_loss": 0.021061182022094727, "final_val_loss": 0.019332177937030792, "final_train_acc": 1.0, "final_val_acc": 1.0, "step_val_acc_99": 4130}