{"final_train_loss": 0.19690829515457153, "final_val_loss": 0.12395663559436798, "final_train_acc": 0.980273425579071, "final_val_acc": 0.991943359375, "step_val_acc_99": 4070}