{"final_train_loss": 0.009427648968994617, "final_val_loss": 5.743399143218994, "final_train_acc": 1.0, "final_val_acc": 0.03759765625, "step_val_acc_99": 7500}