{"final_train_loss": 0.006249655038118362, "final_val_loss": 0.008200430311262608, "final_train_acc": 1.0, "final_val_acc": 1.0, "step_val_acc_99": 4950}