{"final_train_loss": 0.007068979553878307, "final_val_loss": 0.008759118616580963, "final_train_acc": 1.0, "final_val_acc": 1.0, "step_val_acc_99": 3670}