{"final_train_loss": 0.007734400220215321, "final_val_loss": 0.00851714238524437, "final_train_acc": 1.0, "final_val_acc": 1.0, "step_val_acc_99": 4870}