{"final_train_loss": 0.012454526498913765, "final_val_loss": 4.650832176208496, "final_train_acc": 1.0, "final_val_acc": 0.09423828125, "step_val_acc_99": 7500}