{"final_train_loss": 0.0027981193270534277, "final_val_loss": 0.0028744619339704514, "final_train_acc": 1.0, "final_val_acc": 1.0, "step_val_acc_99": 2650}