{"final_train_loss": 0.01979994960129261, "final_val_loss": 7.748539924621582, "final_train_acc": 1.0, "final_val_acc": 0.0146484375, "step_val_acc_99": 7500}